{"train_mcc": [0.0, 0.0, 0.0, 0.0, 0.0, 0.0, 0.0, 0.0, 0.0, 0.0, 0.0, 0.0, 0.0, 0.0, 0.0, 0.0, 0.0, 0.2384471586877439, 0.22494145742067656, 0.3306146059819436], "val_mcc": [0.0, 0.0, 0.0, 0.0, 0.0, 0.0, 0.0, 0.0, 0.0, 0.0, 0.0, 0.0, 0.0, 0.0, 0.0, 0.0, 0.0, 0.16127070122237083, 0.1342367257458966, 0.15256240028215015], "train_auc": [0.6735655578926679, 0.5547385111397107, 0.6063927898507587, 0.6480403218033689, 0.6058315049051013, 0.6104408449133788, 0.6251391400812256, 0.633018862575901, 0.6573156972689802, 0.654341076041826, 0.6599813282987774, 0.6597356480195334, 0.6603470139451906, 0.6640719049481898, 0.6522272807161769, 0.6446140268320661, 0.6424444809815115, 0.6894298894627728, 0.6829628285737503, 0.7248399770950386], "val_auc": [0.6137085137085138, 0.5532467532467532, 0.585930735930736, 0.6388167388167387, 0.6195526695526695, 0.6215728715728716, 0.6243867243867244, 0.6013708513708513, 0.6572871572871573, 0.6422077922077921, 0.6456709956709957, 0.6552669552669551, 0.6574314574314575, 0.661038961038961, 0.6595959595959596, 0.6421356421356421, 0.6421356421356421, 0.6288600288600289, 0.6233766233766235, 0.6330447330447331]}