{"train_mcc": [0.0, 0.11021330854147296, 0.10230655330277137, 0.18451190121044905, 0.23898098406517918, 0.2692703244731213, 0.2899811076583182, 0.3006400460000761, 0.3206340978556445, 0.33466385641444274, 0.3646603332103017, 0.36181548565039956, 0.32814106294397105, 0.3771378529547896, 0.40925745935082014, 0.42270339832248127, 0.4417557337095522, 0.5031368513168142, 0.4840196412918485, 0.5459488698283743], "val_mcc": [0.0, 0.1946160121901762, 0.18289889458161784, 0.23178763950628556, 0.23529260291722284, 0.10129986553115194, 0.1837851062582662, 0.18402171080689908, 0.31104481730521594, 0.15335499913795533, 0.19856241968673888, 0.19409711210817, 0.12435721907305189, 0.2780466668629129, 0.19157934378536579, 0.010123075284424975, 0.18402171080689908, 0.10129986553115194, 0.15227421244059033, 0.11101154429927958], "train_auc": [0.6539406852281757, 0.6757893445304832, 0.672220447782123, 0.6739557203620896, 0.6683847358334761, 0.683882414346478, 0.6888584204540142, 0.7037338547590484, 0.7204536247916115, 0.7335665207297883, 0.7519981926678403, 0.7542748858732065, 0.756426935481358, 0.7606317093311313, 0.7851942882071576, 0.7987239611735195, 0.8012148855615973, 0.8293492825202936, 0.8345414673667482, 0.8594409734664943], "val_auc": [0.6216943074854326, 0.6587292693859256, 0.6283056925145676, 0.648700134468848, 0.6197893321380548, 0.6276333482743165, 0.6014119229045272, 0.641976692066338, 0.683325862841775, 0.6707754370237562, 0.6455625280143434, 0.6469072164948454, 0.6474675033617212, 0.6605782160466158, 0.6318915284625728, 0.6041012998655312, 0.6228148812191843, 0.5862841774988795, 0.615307037203048, 0.5954728821156432]}