{"train_mcc": [0.310921622415424, 0.23382875236677397, 0.2528453869818058, 0.3494615968375787, 0.338083676761316, 0.2965507289144112, 0.40311491882842915, 0.42693806328161327, 0.468031832606477, 0.4225261539048536, 0.4737571398057893, 0.5130630904048717, 0.5255372538629122, 0.5509116554189136, 0.4599495667750072, 0.5832476907724503, 0.5920445996046206, 0.5958701514031406, 0.6536068515027361, 0.5977748082133222], "val_mcc": [0.1618147184146741, 0.08189889607170185, 0.15464835675448602, 0.22198666903956332, 0.14718617844902457, 0.2097359335736814, 0.22451763177030515, 0.2266788421399366, 0.2706957801226151, 0.24939942359603123, 0.26164007100937325, 0.26332849078858744, 0.23709881649324796, 0.23589843966477625, 0.26011189574441906, 0.2788221536150815, 0.2787512310391411, 0.31875347524936654, 0.2515501698697036, 0.30805706605948047], "train_auc": [0.7048692686623722, 0.6649478969306556, 0.6958147025388404, 0.7207578628268284, 0.7387817355058734, 0.7433374384236454, 0.7683327017809776, 0.7836301629405078, 0.7996741189844637, 0.8113774156877605, 0.8106782872300113, 0.8383364910951119, 0.8491492989768852, 0.854060250094733, 0.848287230011368, 0.879837059492232, 0.8855532398635847, 0.8885771125426298, 0.9166995073891626, 0.9179670329670329], "val_auc": [0.6400280898876405, 0.5776685393258427, 0.6240168539325843, 0.658988764044944, 0.6627808988764046, 0.6518258426966291, 0.6873595505617978, 0.696067415730337, 0.6938202247191011, 0.6904494382022471, 0.6792134831460673, 0.69438202247191, 0.6745786516853933, 0.6955056179775281, 0.6880617977528091, 0.6808988764044944, 0.6584269662921349, 0.6949438202247191, 0.6710674157303371, 0.6876404494382024]}