{"train_mcc": [0.19655114199119528, 0.16508546603191218, 0.14995649900761435, 0.12210439172689129, 0.08333453483927263, 0.20450055887636856, 0.28806699884499243, 0.26752064875674864, 0.3036987807530248, 0.27785681102426374, 0.3568373509511447, 0.34742277954100753, 0.34408898534311977, 0.3343991573081891, 0.3793691516878991, 0.44568596688238726, 0.4466648145925968, 0.49666652630081803, 0.4480666155368439, 0.4305811324423184], "val_mcc": [0.3242746943266831, 0.10698640651630056, 0.2604530581424249, 0.220426523618003, 0.17462355727006645, 0.1653157934807628, 0.21994135678957524, 0.3137030637718912, 0.14538419016030957, 0.2505075377663925, 0.14137245186385017, 0.20534681562436963, 0.23999835278706158, 0.2733650146035248, 0.25566122523509366, 0.1636600668366873, 0.15754210835757976, 0.30078317276932987, 0.31663925553113004, 0.22858240901308827], "train_auc": [0.6959088852346845, 0.6368680403041573, 0.6458119507197433, 0.6610198173143069, 0.6616231289063506, 0.6766029142892879, 0.6885054426798807, 0.6927617323871642, 0.7132504147767197, 0.7228059139250937, 0.7392902995589202, 0.7411075917934908, 0.7460610006879224, 0.7699727406164815, 0.7763737294588957, 0.797476759628154, 0.8056913619759191, 0.8209856787071474, 0.8304749607295655, 0.8373836142043092], "val_auc": [0.7219458264234384, 0.6322093237516124, 0.6266814077759352, 0.6294453657637737, 0.6303666850930533, 0.6377372397272895, 0.6502671826054911, 0.6395798783858484, 0.6395798783858486, 0.6395798783858485, 0.6252072968490878, 0.646397641422517, 0.6222590749953933, 0.6476874884835083, 0.6528468767274738, 0.6615072784227013, 0.6546895153860328, 0.6591118481665745, 0.6624285977519808, 0.6604016952275659]}