{"train_mcc": [0.21883634547678757, 0.21287114540284618, 0.2098438437402569, 0.0, 0.0, 0.0, 0.0, 0.0, 0.0, 0.0, 0.0, 0.20471145943174449, 0.208589913912046, 0.20770048759938498, 0.29218703186268674, 0.25689542168332347, 0.3207992766859744, 0.3336503925724786, 0.3629545625476507, 0.43149458897448045], "val_mcc": [0.17843584905147464, 0.0753329091303901, 0.14417645301032717, 0.0, 0.0, 0.0, 0.0, 0.0, 0.0, 0.0, 0.0, 0.21651413811869658, 0.15718542662070573, 0.1262072234590469, 0.14235237165471204, 0.1633102297267046, 0.17978274573107073, 0.30308195657832887, 0.30798673442241276, 0.19330399898969589], "train_auc": [0.6881157476183086, 0.6393298744299831, 0.6446447972328773, 0.6230802347324154, 0.555550320392009, 0.6204980673007989, 0.6527054093405172, 0.6637177298359977, 0.634636704285936, 0.6402805185398698, 0.6406925567060597, 0.6591224880453501, 0.6449820033554319, 0.6846965699208443, 0.7008085556122186, 0.7139974723398594, 0.7302092340894142, 0.7474557105163966, 0.7665258715623453, 0.7981715113486028], "val_auc": [0.6882456140350878, 0.5743859649122807, 0.5778947368421053, 0.625438596491228, 0.6357894736842106, 0.686140350877193, 0.6670175438596491, 0.6680701754385965, 0.6886842105263157, 0.6914035087719298, 0.6808771929824562, 0.6645614035087719, 0.6171929824561404, 0.6426315789473684, 0.6324561403508772, 0.6426315789473684, 0.6475438596491228, 0.6612280701754386, 0.6770175438596492, 0.6768421052631579]}