{"train_mcc": [0.12126042684164777, 0.22815653819172457, 0.11353245845009756, 0.24521232425905687, 0.32756974615055123, 0.18552270710782076, 0.35277883208013533, 0.3862007369135632, 0.4214055138643048, 0.4437219769966429, 0.4551233294827523, 0.4505374353252105, 0.4606403027466068, 0.4816939411084726, 0.5485804608704272, 0.1446437929369467, 0.05969767569887978, 0.2497454701206961, 0.20067754539470786, 0.36414109832911534], "val_mcc": [0.11434197169067283, 0.34887767480068077, 0.06559886323201043, 0.3802077414305233, 0.37648615191950746, 0.18976585660336784, 0.39289332691894274, 0.34359377200692, 0.38940072993644187, 0.42021483138476584, 0.2722606305455927, 0.23749964194145076, 0.26458782914133594, 0.22011253072535356, 0.2479252873480723, 0.24378378819481133, 0.0, 0.3294349708597673, 0.3255512694436645, 0.3353866230630102], "train_auc": [0.6640375600894145, 0.684768875365396, 0.7042656942710397, 0.6691400204846029, 0.7153088764120545, 0.7393932370905882, 0.7532427724489568, 0.7784709813919064, 0.7940549794780163, 0.8053813201354675, 0.8234230967635823, 0.8319963516473657, 0.8453150816019857, 0.8541518701545316, 0.8705152550482583, 0.6562156565165709, 0.6572398866618321, 0.6765834448523089, 0.7059730560186604, 0.8025852466002288], "val_auc": [0.7418623481781377, 0.7522267206477734, 0.7817004048582996, 0.725506072874494, 0.7415384615384615, 0.7747368421052633, 0.7659919028340081, 0.7540080971659919, 0.7395951417004049, 0.7499595141700405, 0.7180566801619432, 0.6903643724696356, 0.6814574898785425, 0.6699595141700405, 0.6761133603238867, 0.7640485829959515, 0.7076923076923077, 0.7277732793522267, 0.7611336032388664, 0.7433198380566801]}