{"train_mcc": [0.09659040689034525, 0.22441581652201395, 0.3144353417388434, 0.3601074880061283, 0.38711137039935656, 0.4006406142044252, 0.40988211777061245, 0.3867702513538484, 0.4242581611037271, 0.46099571274494694, 0.5292573382000573, 0.5426124566507818, 0.5565041425184577, 0.31319434928693957, 0.5256423416781293, 0.6014641372530093, 0.660754417984871, 0.6447031860127878, 0.6856151737509615, 0.6873345393009256], "val_mcc": [0.10609216987991521, 0.10931431175015079, 0.18472242883335716, 0.11413081017384029, 0.16173610489541887, 0.1723972057581191, 0.1319488045360644, 0.1491921318342916, 0.07032832166122674, 0.22720159940928852, 0.17843221200548787, -0.011281384753126452, 0.059222806719837096, -0.008555458706439928, 0.06283764536517539, 0.10220251291286832, 0.12454223973766669, 0.01902659785630717, 0.049098579106046064, 0.15475405544569543], "train_auc": [0.6922632815893726, 0.7031250580123933, 0.7197917865589462, 0.7309951399537387, 0.7627153884138577, 0.768941742562347, 0.7829222652493697, 0.7933236553191332, 0.806552337388941, 0.8174011190358619, 0.8417793189994764, 0.8587746297417009, 0.8664434040372914, 0.8284002688062257, 0.8771028332324691, 0.8926612930173499, 0.9165067071608641, 0.9138056501286482, 0.9328856942366313, 0.9334259056430743], "val_auc": [0.5481079246563719, 0.5761072458849482, 0.5608348888511794, 0.5761072458849482, 0.5963006957407093, 0.5884948243678941, 0.560325810283387, 0.5744103173256405, 0.583573731545902, 0.592228067198371, 0.5830646529781096, 0.5671135245206176, 0.5806889529950789, 0.555235024605464, 0.555235024605464, 0.5711861530629561, 0.5725436959104021, 0.5630408959782792, 0.5643984388257254, 0.5584591888681486]}