{"train_mcc": [0.11534512210998714, 0.16754873800657968, 0.0, 0.0, 0.2457073028304982, 0.29876182634556253, 0.35064832558092934, 0.331578076304815, 0.3146854036822174, 0.3404966385754206, 0.37929462139994785, 0.4342876123154436, 0.4094188854998869, 0.34366012848811994, 0.43255827014077086, 0.499719633737244, 0.5405109270876866, 0.5484391566145081, 0.5758505269315463, 0.5013834465817226], "val_mcc": [0.03324085163907657, 0.2179648799600662, 0.0, 0.0, 0.30877830071956297, 0.39984963258296463, 0.40859319541573397, 0.4242432621429601, 0.37124336109746753, 0.1805093230529301, 0.4282202206923263, 0.43670013578027045, 0.39503085026064777, 0.3168481248181591, 0.4485962873919132, 0.3747807704327644, 0.46172021385836676, 0.3458452007315365, 0.3552599132955952, 0.2326488863814722], "train_auc": [0.6449066193210078, 0.6485898588451238, 0.6674799509777241, 0.6852036057272732, 0.683708726603218, 0.7071463292412621, 0.7217760627905536, 0.7324907707870778, 0.742419095415141, 0.7555304897160199, 0.7673243634329857, 0.7901839086068627, 0.8025567781929699, 0.8040159979280017, 0.8217143157432448, 0.8476330611333305, 0.8585654790838916, 0.8773898828682911, 0.8850041008297376, 0.8893958361094481], "val_auc": [0.6230650154798761, 0.6318885448916409, 0.706733746130031, 0.7038699690402477, 0.6756965944272445, 0.7232198142414861, 0.7273993808049536, 0.73328173374613, 0.7582043343653251, 0.7459752321981424, 0.7517027863777089, 0.760216718266254, 0.7674922600619194, 0.7708978328173375, 0.7775541795665635, 0.7639318885448916, 0.7707430340557275, 0.7360681114551083, 0.7264705882352941, 0.7461300309597523]}