{"train_mcc": [0.09190889894848711, 0.0, 0.08717796549965605, 0.2186996433310871, 0.0, 0.0, 0.13614379058918505, 0.0, 0.1722238451936903, 0.19372901058246653, 0.25283449470249364, 0.29925185635677803, 0.2542057106965868, 0.3068011438698671, 0.3584928146502769, 0.3782688956482036, 0.4169046138930099, 0.44196767645372215, 0.4340142953585817, 0.45967883551642647], "val_mcc": [0.13987572123604705, 0.0, -0.03980335009325598, 0.1775847348678292, 0.0, 0.0, 0.06215564476235587, 0.0, 0.18269731913689852, 0.06600440218608354, 0.15808653476242898, 0.14074950859476515, 0.2092710578980447, 0.2555376304686294, 0.24543665052964309, 0.23695648886719164, 0.25717921327577725, 0.24045164205747735, 0.2639711401884771, 0.28677634919386286], "train_auc": [0.6811527973671838, 0.6237056887635166, 0.6386393982134462, 0.66758439116126, 0.5493596614950634, 0.641945463093559, 0.6421701927597556, 0.6374461683121768, 0.6374753173483779, 0.6417395392571698, 0.6651716031969911, 0.692176774800188, 0.7242125058768217, 0.7273060648801128, 0.7451189468735308, 0.7577301363422662, 0.7699219558063, 0.7793023037141514, 0.7889891866478608, 0.810324400564175], "val_auc": [0.6616071428571428, 0.6248511904761904, 0.6373511904761905, 0.6544642857142857, 0.49322916666666666, 0.580952380952381, 0.5790178571428571, 0.5760416666666667, 0.571577380952381, 0.5748511904761905, 0.5876488095238096, 0.6163690476190476, 0.6686011904761905, 0.6791666666666667, 0.680952380952381, 0.6876488095238096, 0.6875, 0.6739583333333333, 0.6688988095238095, 0.6778273809523809]}