{"train_mcc": [0.02680404412807425, 0.16054808802156345, 0.16720660851172037, 0.2820118568035808, 0.28746370967500734, 0.29559528139874053, 0.25384020745792624, 0.334043605180231, 0.29595312753049435, 0.3088612678777331, 0.33231457127015857, 0.3618642681367758, 0.3682201640096809, 0.40598273102675964, 0.2035099523787665, 0.4194343823843257, 0.39313352369091586, 0.4828338040656546, 0.494712072522783, 0.5075854513575336], "val_mcc": [0.0, 0.20344360525113178, 0.2864737909950271, 0.3003136360569186, 0.21844190868484809, 0.3128290993006172, 0.33534788639959245, 0.21320440908287383, 0.20945468047498103, 0.21477430963644445, 0.24261491433793428, 0.18325211553828508, 0.26270558881971634, 0.24839946264664162, 0.21860648419312245, 0.23960852065108607, 0.33534788639959245, 0.26690557975607737, 0.24839946264664162, 0.3128290993006172], "train_auc": [0.6817240877709272, 0.653177649222139, 0.6550705501907821, 0.6806778636887512, 0.6693307149757374, 0.6965054996699079, 0.6977857720984533, 0.7018914090269929, 0.7067402193900196, 0.6941911251850941, 0.7135192292629436, 0.7344828743747831, 0.7351374637737919, 0.7561402723539482, 0.7549616384503202, 0.7890767492083385, 0.7985002256561746, 0.8034907704759667, 0.8078192661884993, 0.8199077234089376], "val_auc": [0.7383132530120481, 0.6918875502008033, 0.7055421686746988, 0.7029718875502008, 0.666987951807229, 0.6939759036144579, 0.6915662650602409, 0.6531726907630522, 0.6330923694779116, 0.6954216867469878, 0.700722891566265, 0.6867469879518071, 0.6888353413654618, 0.7045783132530119, 0.6567068273092369, 0.7093975903614458, 0.7297991967871486, 0.7082730923694779, 0.7018473895582329, 0.6909236947791164]}